{"name": 0.7885578274726868, "draft_pick": 0.5, "draft_year": 0.5, "NBA_championships": 0.7642518281936646}