{"name": 0.7786841988563538, "age": 0.7343303561210632, "team": 0.7589484453201294, "draft_year": 0.7786264419555664, "draft_pick": 0.7903765439987183, "college": 0.7812750935554504}