{"name": 0.7344523072242737, "age": 0.5, "team": 0.7566651701927185, "draft_year": 0.7909983396530151, "draft_pick": 0.7931196689605713, "college": 0.769403874874115}