{"name": 0.7306530475616455, "draft_pick": 0.7943548560142517, "draft_year": 0.7943548560142517, "NBA_championships": 0.7906473875045776}