{"name": 0.7860062122344971, "team": 0.782694399356842, "draft_pick": 0.7944779396057129, "draft_year": 0.7786264419555664, "college": 0.7864117622375488, "age": 0.7731303572654724}