{"name": 0.7381410002708435, "age": 0.5, "team": 0.7975537776947021, "draft_year": 0.5, "draft_pick": 0.5, "college": 0.7487994432449341}