{"name": 0.7787613272666931, "draft_pick": 0.5, "draft_year": 0.5, "NBA_championships": 0.7872257232666016}