{"name": 0.7832571268081665, "age": 0.5, "team": 0.7985355854034424}