{"name": 0.7785765528678894, "age": 0.7816519737243652, "team": 0.7758990526199341, "draft_year": 0.7909982800483704, "draft_pick": 0.7916634678840637, "college": 0.7883656024932861}