{"name": 0.7706006169319153, "age": 0.749338686466217, "team": 0.7645912766456604, "draft_year": 0.7570417523384094, "draft_pick": 0.7959285378456116, "college": 0.7882435321807861}