{"name": 0.7785765528678894, "age": 0.5, "team": 0.7756994366645813, "draft_year": 0.791663408279419, "draft_pick": 0.7916634678840637, "college": 0.7883656024932861}