{"name": 0.7785765528678894, "age": 0.7923220992088318, "team": 0.7758990526199341, "draft_year": 0.791663408279419, "draft_pick": 0.7916634678840637, "college": 0.7723475694656372}