{"name": 0.7785765528678894, "age": 0.7865511178970337, "team": 0.7758990526199341, "draft_year": 0.7909982800483704, "draft_pick": 0.7916634678840637, "college": 0.774468183517456}