{"name": 0.7785765528678894, "age": 0.5, "team": 0.7985355854034424, "draft_year": 0.791663408279419, "draft_pick": 0.7916634678840637, "college": 0.7694038152694702}