{"name": 0.7754561901092529, "age": 0.7663564682006836, "team": 0.5}