num_filters,count,sum,mean,median,q1,q2,stdev,variance
5,92,190.3386584,2.0688984608695655,1.4336014499999998,1.176843175,1.4336014499999998,1.2671579177309598,1.605689188468262
